seed,step,value
0,0,95.57572406216293
0,100000,7468.759942609634
0,200000,9216.265581799138
0,300000,9709.2474694764
0,400000,6756.6660923515565
0,500000,11768.42844497006
0,600000,11950.339853635322
0,700000,12087.32064203023
0,800000,12280.816526016339
0,900000,12185.940967574988
0,1000000,12658.982591672731
1000,0,83.63129142366917
1000,100000,6652.133341258934
1000,200000,10217.690259981096
1000,300000,10811.825861982885
1000,400000,11349.112524393704
1000,500000,11650.240235398214
1000,600000,10985.25015598892
1000,700000,9926.847677039106
1000,800000,11916.31983839273
1000,900000,12196.672684572188
1000,1000000,12328.701035684291
2000,0,137.52159077598245
2000,100000,6852.833967018428
2000,200000,10081.884041522602
2000,300000,10709.596300851505
2000,400000,11533.210094091959
2000,500000,11313.969672192638
2000,600000,12260.460048551848
2000,700000,12389.30353101609
2000,800000,10648.747384812992
2000,900000,12853.597853169917
2000,1000000,12713.345135867365
3000,0,96.47733208682432
3000,100000,1834.1437345451486
3000,200000,10213.813125999517
3000,300000,10822.815629465249
3000,400000,11386.423294740223
3000,500000,10609.149575263644
3000,600000,11562.33220409822
3000,700000,7860.760885770837
3000,800000,12324.56043279418
3000,900000,12550.960053859952
3000,1000000,12690.071353495845
4000,0,83.40614258626476
4000,100000,7883.622776886936
4000,200000,8471.492893223658
4000,300000,10794.925654573499
4000,400000,11023.414640868954
4000,500000,11496.6326205821
4000,600000,4647.758623030327
4000,700000,11884.541028086702
4000,800000,12177.550464912707
4000,900000,12344.507493928988
4000,1000000,12639.432615264663
